Муниципалитет,Этап олимпиады,Год проведения,Количество участников,Количество призёров,Процент призёров,Средний балл по этапу
Зеленодольск,Региональный,2019,165,58,35.15,89.3
Зеленодольск,Региональный,2018,58,16,27.59,44.23
Буинск,Муниципальный,2019,126,53,42.06,44.53
Тетюши,Муниципальный,2017,89,38,42.7,60.02
Буинск,Школьный,2015,103,23,22.33,88.37
Альметьевск,Муниципальный,2020,125,30,24.0,42.09
Буинск,Региональный,2019,198,63,31.82,99.61
Бугульма,Заключительный,2019,167,26,15.57,57.27
Агрыз,Школьный,2023,154,64,41.56,42.23
Бавлы,Региональный,2017,50,19,38.0,46.33
Менделеевск,Школьный,2015,106,46,43.4,60.75
Бавлы,Региональный,2021,182,79,43.41,79.51
Мамадыш,Муниципальный,2018,50,6,12.0,64.53
Набережные Челны,Муниципальный,2019,177,14,7.91,82.72
Тетюши,Школьный,2021,112,20,17.86,41.2
Азнакаево,Региональный,2020,183,82,44.81,80.09
Альметьевск,Школьный,2019,118,48,40.68,42.99
Лениногорск,Региональный,2018,100,18,18.0,54.03
Азнакаево,Муниципальный,2017,175,39,22.29,40.05
Менделеевск,Региональный,2016,110,24,21.82,46.48
Заинск,Региональный,2015,88,44,50.0,58.02
Зеленодольск,Муниципальный,2019,151,26,17.22,58.27
Чистополь,Муниципальный,2023,57,26,45.61,83.25
Елабуга,Региональный,2016,60,25,41.67,40.85
Чистополь,Муниципальный,2021,97,8,8.25,98.15
Тетюши,Школьный,2020,64,4,6.25,64.14
Бавлы,Заключительный,2022,164,33,20.12,65.07
Бугульма,Региональный,2024,158,27,17.09,78.08
Мамадыш,Школьный,2018,66,23,34.85,87.54
Менделеевск,Региональный,2020,118,5,4.24,64.79
Агрыз,Региональный,2023,77,29,37.66,80.41
Балтаси,Региональный,2019,122,26,21.31,53.48
Балтаси,Муниципальный,2020,121,22,18.18,46.45
Бугульма,Региональный,2015,174,3,1.72,45.77
Зеленодольск,Региональный,2019,139,5,3.6,91.57
Елабуга,Заключительный,2016,60,15,25.0,59.26
Тетюши,Региональный,2017,130,1,0.77,59.87
Набережные Челны,Заключительный,2016,110,30,27.27,96.79
Азнакаево,Школьный,2024,168,54,32.14,68.52
Набережные Челны,Муниципальный,2015,182,69,37.91,44.39
Арск,Заключительный,2017,140,39,27.86,56.33
Набережные Челны,Заключительный,2024,96,31,32.29,70.45
Бугульма,Муниципальный,2018,62,29,46.77,61.73
Агрыз,Заключительный,2015,76,10,13.16,53.28
Мамадыш,Региональный,2023,159,20,12.58,59.54
Набережные Челны,Заключительный,2016,97,23,23.71,89.36
Тетюши,Школьный,2016,124,27,21.77,50.84
Кукмор,Школьный,2024,80,26,32.5,61.72
Бугульма,Региональный,2015,125,57,45.6,55.28
Казань,Региональный,2018,151,71,47.02,89.54
Зеленодольск,Муниципальный,2017,100,46,46.0,57.27
Бугульма,Региональный,2016,94,23,24.47,57.95
Тетюши,Муниципальный,2019,195,6,3.08,84.82
Буинск,Региональный,2021,171,80,46.78,54.71
Апастово,Муниципальный,2022,59,5,8.47,88.16
Кукмор,Региональный,2024,56,16,28.57,49.75
Мамадыш,Региональный,2019,175,77,44.0,81.59
Чистополь,Школьный,2015,86,4,4.65,81.72
Буинск,Региональный,2023,175,22,12.57,67.93
Арск,Школьный,2015,94,44,46.81,71.7
Альметьевск,Региональный,2019,58,2,3.45,41.77
Кукмор,Заключительный,2019,124,48,38.71,87.95
Зеленодольск,Региональный,2022,55,2,3.64,63.41
Кукмор,Муниципальный,2024,74,14,18.92,99.37
Мамадыш,Региональный,2019,56,7,12.5,71.45
Азнакаево,Региональный,2022,189,47,24.87,46.65
Азнакаево,Региональный,2022,77,11,14.29,55.94
Менделеевск,Заключительный,2017,175,67,38.29,66.03
Мамадыш,Школьный,2024,70,12,17.14,44.31
Агрыз,Школьный,2020,70,33,47.14,49.17
Тетюши,Школьный,2020,90,12,13.33,95.42
Агрыз,Школьный,2020,65,17,26.15,74.6
Елабуга,Заключительный,2022,168,34,20.24,74.84
Балтаси,Школьный,2016,73,16,21.92,63.3
Мамадыш,Заключительный,2022,156,57,36.54,49.98
Балтаси,Заключительный,2019,187,61,32.62,87.2
Заинск,Муниципальный,2020,52,17,32.69,55.68
Арск,Муниципальный,2021,121,23,19.01,59.82
Арск,Школьный,2016,68,16,23.53,95.49
Зеленодольск,Региональный,2022,58,5,8.62,55.08
Бугульма,Школьный,2015,105,41,39.05,76.11
Азнакаево,Заключительный,2019,168,70,41.67,43.61
Чистополь,Школьный,2020,89,3,3.37,41.43
Агрыз,Муниципальный,2020,129,6,4.65,68.97
Набережные Челны,Муниципальный,2015,151,40,26.49,64.0
Набережные Челны,Региональный,2015,102,49,48.04,96.15
Зеленодольск,Региональный,2022,161,48,29.81,82.72
Апастово,Муниципальный,2024,124,3,2.42,86.01
Бавлы,Заключительный,2021,137,29,21.17,74.74
Елабуга,Муниципальный,2017,193,7,3.63,64.94
Арск,Заключительный,2020,64,8,12.5,52.96
Менделеевск,Региональный,2020,196,6,3.06,82.56
Альметьевск,Муниципальный,2019,64,21,32.81,88.91
Альметьевск,Региональный,2020,84,41,48.81,53.52
Балтаси,Заключительный,2018,120,34,28.33,80.05
Тетюши,Школьный,2022,181,18,9.94,91.37
Мамадыш,Муниципальный,2017,68,22,32.35,98.6
Апастово,Региональный,2020,55,16,29.09,61.38
Менделеевск,Региональный,2019,98,40,40.82,89.44
Набережные Челны,Муниципальный,2016,92,31,33.7,53.92
Апастово,Региональный,2021,200,60,30.0,89.37
Лениногорск,Заключительный,2019,168,48,28.57,75.99
Мамадыш,Школьный,2020,109,11,10.09,44.72
Казань,Муниципальный,2021,151,12,7.95,58.3
Арск,Заключительный,2019,66,24,36.36,79.58
Буинск,Школьный,2016,122,21,17.21,-1.0
Агрыз,Школьный,2015,139,28,20.14,41.17
Мамадыш,Заключительный,2020,168,4,2.38,90.71
Бавлы,Школьный,2024,102,33,32.35,47.34
Елабуга,Региональный,2023,99,4,4.04,80.11
Агрыз,Региональный,2021,103,49,47.57,76.15
Балтаси,Муниципальный,2019,171,35,20.47,51.41
Заинск,Муниципальный,2019,105,39,37.14,52.39
Тетюши,Муниципальный,2020,83,28,33.73,42.19
Бугульма,Заключительный,2022,174,76,43.68,85.7
Казань,Школьный,2021,197,93,47.21,67.8
Балтаси,Школьный,2017,93,22,23.66,76.12
Елабуга,Заключительный,2017,107,36,33.64,67.33
Балтаси,Школьный,2017,122,32,26.23,96.46
Арск,Региональный,2019,172,68,39.53,95.96
Заинск,Муниципальный,2018,193,36,18.65,45.26
Лениногорск,Школьный,2015,187,93,49.73,71.26
Арск,Региональный,2021,188,82,43.62,76.18
Мамадыш,Заключительный,2021,192,42,21.88,57.25
Балтаси,Муниципальный,2015,99,36,36.36,64.39
Зеленодольск,Школьный,2016,169,80,47.34,40.52
Менделеевск,Заключительный,2019,159,70,44.03,60.75
Кукмор,Муниципальный,2019,59,25,42.37,94.12
Казань,Региональный,2015,115,20,17.39,40.1
Менделеевск,Муниципальный,2023,190,89,46.84,96.73
Бавлы,Заключительный,2021,51,22,43.14,50.13
Менделеевск,Региональный,2020,134,25,18.66,71.87
Елабуга,Региональный,2024,84,8,9.52,86.24
Бугульма,Региональный,2019,129,7,5.43,94.46
Лениногорск,Муниципальный,2023,115,51,44.35,69.16
Елабуга,Школьный,2022,92,35,38.04,92.88
Зеленодольск,Заключительный,2015,105,17,16.19,84.57
Лениногорск,Региональный,2023,119,11,9.24,63.78
Азнакаево,Школьный,2017,154,38,24.68,96.55
Арск,Региональный,2019,88,10,11.36,88.63
Тетюши,Заключительный,2024,86,15,17.44,93.55
Лениногорск,Школьный,2021,103,12,11.65,-1.0
Апастово,Региональный,2023,163,17,10.43,45.31
Агрыз,Школьный,2016,131,56,42.75,56.7
Чистополь,Региональный,2018,109,2,1.83,72.58
Казань,Региональный,2021,119,50,42.02,64.88
Зеленодольск,Региональный,2019,121,2,1.65,60.46
Набережные Челны,Заключительный,2021,97,45,46.39,50.53
Казань,Региональный,2017,157,1,0.64,54.36
Мамадыш,Заключительный,2017,91,13,14.29,53.06
Агрыз,Школьный,2020,179,45,25.14,54.2
Лениногорск,Региональный,2021,193,39,20.21,41.18
Менделеевск,Школьный,2018,139,41,29.5,79.14
Азнакаево,Заключительный,2023,76,16,21.05,50.96
Елабуга,Муниципальный,2023,120,34,28.33,86.58
Азнакаево,Школьный,2017,152,60,39.47,98.47
Зеленодольск,Заключительный,2021,198,77,38.89,54.77
Менделеевск,Заключительный,2021,134,1,0.75,50.01
Набережные Челны,Региональный,2020,106,46,43.4,49.13
Бугульма,Региональный,2020,154,56,36.36,62.64
Елабуга,Региональный,2024,196,51,26.02,76.36
Мамадыш,Школьный,2017,85,41,48.24,78.34
Кукмор,Школьный,2020,180,89,49.44,84.74
Азнакаево,Муниципальный,2023,102,25,24.51,98.23
Менделеевск,Заключительный,2022,71,30,42.25,57.01
Зеленодольск,Муниципальный,2023,109,17,15.6,67.7
Казань,Школьный,2017,153,68,44.44,82.69
Елабуга,Муниципальный,2017,147,40,27.21,47.98
Кукмор,Региональный,2016,160,76,47.5,44.85
Буинск,Муниципальный,2024,137,62,45.26,96.92
Заинск,Заключительный,2023,193,71,36.79,42.6
Набережные Челны,Школьный,2018,110,30,27.27,-1.0
Елабуга,Муниципальный,2016,110,3,2.73,43.71
Елабуга,Муниципальный,2024,151,44,29.14,68.02
Азнакаево,Муниципальный,2015,142,53,37.32,44.22
Бавлы,Муниципальный,2023,186,23,12.37,79.75
Елабуга,Региональный,2015,87,28,32.18,63.47
Бавлы,Заключительный,2024,137,1,0.73,70.69
Тетюши,Школьный,2021,113,42,37.17,80.1
Зеленодольск,Заключительный,2024,84,29,34.52,93.7
Кукмор,Региональный,2023,167,70,41.92,70.62
Лениногорск,Заключительный,2018,74,21,28.38,75.08
Апастово,Региональный,2021,91,33,36.26,60.93
Мамадыш,Муниципальный,2021,190,74,38.95,95.41
Балтаси,Заключительный,2022,79,17,21.52,58.39
Менделеевск,Муниципальный,2024,156,24,15.38,50.92
Кукмор,Муниципальный,2019,142,25,17.61,93.15
Елабуга,Региональный,2020,172,16,9.3,41.42
Апастово,Заключительный,2015,70,16,22.86,83.48
Елабуга,Региональный,2022,157,33,21.02,48.6
Зеленодольск,Заключительный,2016,187,64,34.22,90.14
Азнакаево,Региональный,2022,59,15,25.42,55.81
Буинск,Региональный,2015,79,29,36.71,72.15
Апастово,Муниципальный,2021,68,24,35.29,71.54
Зеленодольск,Школьный,2021,155,61,39.35,73.43
Чистополь,Муниципальный,2017,160,38,23.75,85.39
Арск,Региональный,2017,54,7,12.96,74.98
Азнакаево,Школьный,2017,175,76,43.43,96.55
Тетюши,Школьный,2021,117,41,35.04,93.08
Азнакаево,Муниципальный,2021,52,1,1.92,40.78
Агрыз,Школьный,2019,177,62,35.03,90.77
Менделеевск,Заключительный,2021,148,5,3.38,48.21
Буинск,Заключительный,2017,169,55,32.54,65.56
Чистополь,Муниципальный,2017,142,5,3.52,64.32
Буинск,Муниципальный,2024,123,58,47.15,65.39
Лениногорск,Школьный,2018,79,39,49.37,62.07
Лениногорск,Региональный,2016,175,47,26.86,83.15
Заинск,Школьный,2018,63,7,11.11,56.22
Тетюши,Муниципальный,2017,53,24,45.28,68.69
Балтаси,Школьный,2020,94,28,29.79,96.29
Чистополь,Школьный,2021,141,27,19.15,99.5
Мамадыш,Муниципальный,2015,159,2,1.26,88.84
Альметьевск,Заключительный,2020,134,46,34.33,64.09
Бугульма,Школьный,2020,183,22,12.02,54.75
Азнакаево,Муниципальный,2015,146,65,44.52,90.19
Менделеевск,Школьный,2018,73,11,15.07,-1.0
Арск,Школьный,2024,96,20,20.83,64.38
Бавлы,Муниципальный,2023,89,9,10.11,59.9
Елабуга,Муниципальный,2023,95,6,6.32,53.76
Елабуга,Региональный,2015,143,47,32.87,84.57
Менделеевск,Муниципальный,2021,141,17,12.06,70.19
Казань,Муниципальный,2017,118,45,38.14,74.73
Мамадыш,Муниципальный,2024,73,18,24.66,91.46
Елабуга,Муниципальный,2020,127,26,20.47,88.51
Чистополь,Муниципальный,2023,156,6,3.85,50.29
Менделеевск,Региональный,2018,61,7,11.48,-1.0
Заинск,Региональный,2017,143,2,1.4,43.22
Альметьевск,Региональный,2022,135,20,14.81,56.28
Кукмор,Муниципальный,2022,161,74,45.96,49.24
Менделеевск,Заключительный,2021,56,8,14.29,85.72
Лениногорск,Региональный,2023,96,11,11.46,-1.0
Буинск,Муниципальный,2018,82,1,1.22,89.78
Азнакаево,Школьный,2020,86,5,5.81,62.91
Чистополь,Муниципальный,2017,107,39,36.45,57.65
Елабуга,Региональный,2022,64,19,29.69,78.33
Менделеевск,Муниципальный,2022,124,9,7.26,90.5
Апастово,Школьный,2023,191,17,8.9,46.92
Буинск,Школьный,2020,70,32,45.71,42.72
Бавлы,Региональный,2022,69,7,10.14,89.81
Тетюши,Заключительный,2019,50,16,32.0,70.43
Зеленодольск,Заключительный,2015,157,55,35.03,60.29
Балтаси,Муниципальный,2022,139,67,48.2,59.94
Казань,Школьный,2023,113,4,3.54,66.32
Бавлы,Школьный,2016,157,40,25.48,50.2
Зеленодольск,Заключительный,2018,116,52,44.83,59.3
Заинск,Школьный,2021,165,5,3.03,71.31
Зеленодольск,Заключительный,2020,128,60,46.88,95.96
Казань,Школьный,2020,142,26,18.31,77.62
Апастово,Заключительный,2020,174,80,45.98,79.41
Зеленодольск,Школьный,2015,150,61,40.67,86.2
Чистополь,Заключительный,2020,87,5,5.75,-1.0
Азнакаево,Муниципальный,2021,101,10,9.9,43.07
Чистополь,Муниципальный,2023,110,47,42.73,91.12
Агрыз,Заключительный,2019,128,27,21.09,64.6
Елабуга,Заключительный,2021,190,42,22.11,63.02
Менделеевск,Заключительный,2020,108,31,28.7,46.45
Кукмор,Региональный,2019,133,8,6.02,75.31
Чистополь,Школьный,2018,151,55,36.42,82.2
Апастово,Школьный,2019,116,24,20.69,50.4
Арск,Заключительный,2020,171,28,16.37,47.56
Буинск,Школьный,2020,107,12,11.21,99.28
Елабуга,Заключительный,2023,191,39,20.42,50.09
Азнакаево,Муниципальный,2020,100,19,19.0,64.26
Кукмор,Муниципальный,2019,72,6,8.33,79.26
Чистополь,Заключительный,2021,128,16,12.5,97.65
Елабуга,Заключительный,2018,62,30,48.39,95.76
Азнакаево,Муниципальный,2022,147,37,25.17,54.33
Чистополь,Региональный,2019,132,31,23.48,91.68
Тетюши,Муниципальный,2021,70,25,35.71,44.72
Балтаси,Муниципальный,2020,174,83,47.7,68.4
Агрыз,Региональный,2023,113,4,3.54,91.73
Зеленодольск,Школьный,2020,133,51,38.35,42.54
Агрыз,Школьный,2017,177,1,0.56,78.49
Зеленодольск,Школьный,2015,169,81,47.93,64.08
Тетюши,Заключительный,2024,110,44,40.0,62.26
Арск,Школьный,2022,69,13,18.84,80.61
Буинск,Муниципальный,2021,196,28,14.29,87.65
Апастово,Региональный,2023,96,9,9.38,51.59
Балтаси,Школьный,2015,137,3,2.19,55.32
Альметьевск,Региональный,2021,110,51,46.36,54.95
Агрыз,Заключительный,2015,107,50,46.73,72.42
Елабуга,Региональный,2024,170,59,34.71,46.23
Чистополь,Заключительный,2016,85,20,23.53,48.56
Зеленодольск,Региональный,2015,181,32,17.68,83.84
Буинск,Школьный,2024,67,24,35.82,60.22
Арск,Школьный,2016,95,42,44.21,71.85
Тетюши,Региональный,2023,73,31,42.47,75.82
Азнакаево,Региональный,2023,83,26,31.33,65.24
Тетюши,Региональный,2020,157,9,5.73,63.02
Казань,Муниципальный,2018,69,27,39.13,87.03
Буинск,Региональный,2019,127,55,43.31,97.03
Чистополь,Муниципальный,2016,176,50,28.41,74.78
Казань,Муниципальный,2024,75,17,22.67,46.62
Набережные Челны,Муниципальный,2018,65,17,26.15,54.85
Буинск,Школьный,2016,54,4,7.41,50.42
Чистополь,Муниципальный,2021,177,25,14.12,75.09
Елабуга,Региональный,2019,101,7,6.93,94.56
Тетюши,Школьный,2024,149,18,12.08,88.18
Кукмор,Заключительный,2023,100,44,44.0,97.33
Тетюши,Муниципальный,2015,177,84,47.46,76.15
Лениногорск,Школьный,2022,85,11,12.94,95.58
Азнакаево,Школьный,2018,126,58,46.03,55.24
Бавлы,Региональный,2015,137,63,45.99,86.76
Арск,Муниципальный,2019,128,47,36.72,52.36
Агрыз,Заключительный,2018,148,42,28.38,82.15
Чистополь,Муниципальный,2019,184,51,27.72,48.55
Казань,Муниципальный,2020,106,28,26.42,95.13
Буинск,Школьный,2022,150,57,38.0,48.65
Агрыз,Заключительный,2019,183,69,37.7,95.75
Азнакаево,Школьный,2019,70,20,28.57,43.97
Заинск,Муниципальный,2022,69,15,21.74,71.18
Азнакаево,Региональный,2019,133,35,26.32,95.52
Бугульма,Региональный,2018,124,3,2.42,67.44
Зеленодольск,Заключительный,2016,101,6,5.94,46.64
Агрыз,Школьный,2022,128,61,47.66,97.57
Бугульма,Заключительный,2021,72,26,36.11,66.02
Лениногорск,Школьный,2023,59,7,11.86,66.6
Набережные Челны,Муниципальный,2024,169,57,33.73,84.64
Мамадыш,Заключительный,2021,62,2,3.23,76.1
Лениногорск,Заключительный,2018,60,11,18.33,67.24
Елабуга,Школьный,2019,189,72,38.1,70.72
Менделеевск,Региональный,2020,98,3,3.06,43.8
Бугульма,Муниципальный,2020,51,9,17.65,63.2
Набережные Челны,Региональный,2015,182,87,47.8,96.58
Кукмор,Заключительный,2015,136,33,24.26,41.94
Агрыз,Школьный,2016,124,54,43.55,68.26
Менделеевск,Заключительный,2020,198,9,4.55,96.14
Чистополь,Муниципальный,2023,129,20,15.5,67.3
Бугульма,Муниципальный,2015,78,17,21.79,45.98
Альметьевск,Муниципальный,2023,196,56,28.57,87.58
Альметьевск,Региональный,2015,148,64,43.24,51.04
Набережные Челны,Региональный,2022,82,19,23.17,85.31
Чистополь,Школьный,2017,56,3,5.36,50.25
Чистополь,Муниципальный,2020,77,15,19.48,40.01
Альметьевск,Школьный,2024,170,13,7.65,64.12
Зеленодольск,Заключительный,2018,183,65,35.52,63.76
Бавлы,Муниципальный,2024,110,3,2.73,57.07
Чистополь,Муниципальный,2017,147,73,49.66,43.38
Альметьевск,Заключительный,2020,200,62,31.0,65.72
Казань,Региональный,2023,167,82,49.1,55.83
Казань,Школьный,2016,198,63,31.82,53.07
Лениногорск,Региональный,2024,126,5,3.97,82.26
Тетюши,Заключительный,2018,112,52,46.43,54.41
Заинск,Заключительный,2020,81,35,43.21,96.38
Лениногорск,Муниципальный,2024,169,59,34.91,98.03
Альметьевск,Муниципальный,2015,140,36,25.71,98.48
Набережные Челны,Региональный,2023,172,8,4.65,96.54
Менделеевск,Школьный,2018,192,21,10.94,47.91
Бугульма,Заключительный,2023,92,14,15.22,50.12
Бавлы,Школьный,2015,52,18,34.62,63.88
Лениногорск,Региональный,2024,198,77,38.89,72.78
Апастово,Региональный,2018,127,6,4.72,52.84
Агрыз,Муниципальный,2019,187,79,42.25,91.99
Кукмор,Заключительный,2015,144,37,25.69,67.39
Буинск,Школьный,2023,170,50,29.41,74.3
Елабуга,Заключительный,2020,189,15,7.94,50.93
Бавлы,Муниципальный,2020,170,66,38.82,95.35
Бугульма,Муниципальный,2015,161,18,11.18,85.89
Набережные Челны,Заключительный,2018,196,59,30.1,55.82
Чистополь,Школьный,2017,107,4,3.74,98.75
Кукмор,Региональный,2016,135,40,29.63,68.04
Чистополь,Муниципальный,2023,100,1,1.0,83.97
Апастово,Заключительный,2021,182,26,14.29,59.82
Чистополь,Муниципальный,2019,194,6,3.09,86.85
Азнакаево,Региональный,2022,185,92,49.73,46.2
Зеленодольск,Региональный,2023,126,47,37.3,74.13
Заинск,Школьный,2017,101,4,3.96,77.52
Азнакаево,Заключительный,2019,162,59,36.42,88.26
Заинск,Региональный,2023,55,22,40.0,43.83
Буинск,Муниципальный,2024,76,26,34.21,79.39
Лениногорск,Школьный,2018,120,27,22.5,47.27
Заинск,Школьный,2019,128,36,28.12,67.74
Тетюши,Школьный,2020,189,36,19.05,68.39
Тетюши,Школьный,2017,125,13,10.4,67.33
Апастово,Муниципальный,2018,108,16,14.81,70.37
Мамадыш,Региональный,2021,86,19,22.09,65.67
Набережные Челны,Школьный,2020,161,51,31.68,87.22
Апастово,Региональный,2015,82,13,15.85,97.15
Лениногорск,Муниципальный,2021,97,10,10.31,52.44
Лениногорск,Школьный,2015,150,59,39.33,49.99
Казань,Школьный,2016,118,31,26.27,96.7
Менделеевск,Школьный,2018,187,44,23.53,58.49
Арск,Заключительный,2019,78,14,17.95,89.2
Мамадыш,Школьный,2023,161,40,24.84,69.53
Чистополь,Региональный,2020,67,13,19.4,64.77
Бугульма,Школьный,2017,143,14,9.79,99.2
Менделеевск,Региональный,2024,136,23,16.91,45.27
Чистополь,Муниципальный,2021,119,39,32.77,82.47
Набережные Челны,Заключительный,2023,200,41,20.5,83.48
Заинск,Заключительный,2024,120,31,25.83,63.78
Мамадыш,Региональный,2022,53,18,33.96,51.63
Елабуга,Муниципальный,2017,172,23,13.37,56.51
Лениногорск,Муниципальный,2022,178,27,15.17,69.4
Арск,Муниципальный,2021,149,17,11.41,91.91
Агрыз,Школьный,2015,153,24,15.69,-1.0
Лениногорск,Региональный,2018,99,48,48.48,73.87
Буинск,Муниципальный,2019,171,15,8.77,41.43
Менделеевск,Муниципальный,2023,123,53,43.09,65.4
Кукмор,Муниципальный,2022,61,23,37.7,71.15
Набережные Челны,Муниципальный,2016,168,54,32.14,91.45
Лениногорск,Школьный,2016,184,2,1.09,73.31
Мамадыш,Муниципальный,2018,145,33,22.76,41.17
Кукмор,Школьный,2019,124,26,20.97,90.73
Бавлы,Школьный,2017,197,88,44.67,93.92
Бугульма,Муниципальный,2017,159,41,25.79,57.35
Чистополь,Региональный,2021,89,30,33.71,53.8
Азнакаево,Школьный,2023,64,20,31.25,90.09
Казань,Региональный,2017,178,86,48.31,46.59
Альметьевск,Региональный,2017,70,16,22.86,97.41
Заинск,Заключительный,2017,56,6,10.71,56.08
Агрыз,Школьный,2023,76,16,21.05,56.74
Елабуга,Муниципальный,2019,172,38,22.09,74.03
Менделеевск,Школьный,2016,107,9,8.41,72.19
Апастово,Школьный,2022,60,16,26.67,98.17
Буинск,Муниципальный,2015,80,26,32.5,78.56
Казань,Заключительный,2015,98,36,36.73,79.13
Кукмор,Заключительный,2017,164,82,50.0,72.68
Лениногорск,Муниципальный,2018,125,39,31.2,66.4
Апастово,Школьный,2017,161,57,35.4,96.13
Арск,Заключительный,2024,96,17,17.71,63.05
Азнакаево,Муниципальный,2015,186,44,23.66,75.3
Бавлы,Муниципальный,2023,96,46,47.92,45.83
Тетюши,Школьный,2023,82,6,7.32,85.61
Апастово,Региональный,2018,146,30,20.55,45.69
Апастово,Региональный,2022,129,49,37.98,85.34
Буинск,Школьный,2021,130,21,16.15,78.48
Чистополь,Школьный,2018,54,6,11.11,70.39
Менделеевск,Региональный,2023,115,20,17.39,67.31
Апастово,Муниципальный,2017,186,64,34.41,94.64
Буинск,Региональный,2023,60,1,1.67,86.05
Набережные Челны,Школьный,2021,129,31,24.03,89.5
Агрыз,Муниципальный,2021,69,16,23.19,90.0
Мамадыш,Школьный,2021,115,4,3.48,60.14
Азнакаево,Региональный,2021,110,8,7.27,89.56
Набережные Челны,Региональный,2015,104,23,22.12,99.89
Бавлы,Школьный,2020,194,13,6.7,98.1
Буинск,Заключительный,2024,145,65,44.83,95.44
Бавлы,Муниципальный,2018,145,18,12.41,70.05
Мамадыш,Муниципальный,2020,154,50,32.47,89.04
Заинск,Муниципальный,2016,115,34,29.57,62.77
Тетюши,Региональный,2018,84,39,46.43,78.88
Чистополь,Региональный,2022,85,32,37.65,52.6
Казань,Школьный,2018,100,1,1.0,91.76
Менделеевск,Школьный,2022,131,1,0.76,50.21
Буинск,Муниципальный,2022,78,9,11.54,75.69
Заинск,Школьный,2020,70,30,42.86,96.06
Чистополь,Школьный,2020,108,6,5.56,57.01
Балтаси,Муниципальный,2017,81,7,8.64,89.64
Азнакаево,Школьный,2018,193,95,49.22,-1.0
Буинск,Школьный,2023,149,10,6.71,68.56
Чистополь,Школьный,2019,199,44,22.11,87.47
Елабуга,Заключительный,2016,149,17,11.41,78.98
Лениногорск,Школьный,2017,115,9,7.83,95.74
Арск,Школьный,2015,176,59,33.52,98.77
Тетюши,Заключительный,2019,78,30,38.46,74.41
Балтаси,Муниципальный,2019,113,37,32.74,75.71
Елабуга,Муниципальный,2015,96,1,1.04,85.96
Балтаси,Региональный,2022,148,21,14.19,96.07
Набережные Челны,Школьный,2019,119,43,36.13,96.58
Мамадыш,Заключительный,2024,96,9,9.38,65.23
Тетюши,Школьный,2018,92,4,4.35,96.5
Балтаси,Школьный,2016,86,37,43.02,46.36
Буинск,Муниципальный,2022,77,20,25.97,80.5
Мамадыш,Региональный,2016,106,30,28.3,82.47
Чистополь,Школьный,2022,50,3,6.0,67.11
Мамадыш,Школьный,2017,181,6,3.31,53.82
Тетюши,Школьный,2020,65,31,47.69,74.52
Бавлы,Региональный,2017,58,12,20.69,80.89
Тетюши,Школьный,2021,168,68,40.48,75.56
Арск,Региональный,2015,128,10,7.81,46.3
Набережные Челны,Муниципальный,2022,112,11,9.82,70.82
Арск,Заключительный,2024,92,4,4.35,61.89
Елабуга,Региональный,2022,91,26,28.57,82.96
Арск,Региональный,2023,97,6,6.19,46.72
Буинск,Региональный,2022,51,7,13.73,83.66
Бавлы,Региональный,2017,61,6,9.84,99.54
Буинск,Школьный,2016,52,4,7.69,62.94
Альметьевск,Заключительный,2020,82,26,31.71,53.68
Елабуга,Муниципальный,2022,55,27,49.09,92.66
Чистополь,Региональный,2021,129,14,10.85,90.38
Заинск,Школьный,2020,144,42,29.17,46.28
Апастово,Муниципальный,2019,159,7,4.4,56.6
Кукмор,Муниципальный,2023,86,18,20.93,52.82
Мамадыш,Региональный,2024,164,69,42.07,81.77
Лениногорск,Региональный,2023,160,10,6.25,75.21
Буинск,Заключительный,2024,64,12,18.75,74.7
Мамадыш,Школьный,2016,101,9,8.91,50.38
Казань,Школьный,2015,108,20,18.52,51.61
Арск,Школьный,2021,75,10,13.33,51.84
Чистополь,Региональный,2019,140,62,44.29,47.74
Менделеевск,Школьный,2021,173,72,41.62,66.02
Альметьевск,Муниципальный,2019,175,16,9.14,84.65
Чистополь,Школьный,2022,52,18,34.62,68.53
Заинск,Школьный,2021,73,20,27.4,40.85
Казань,Региональный,2023,52,15,28.85,50.45
Заинск,Заключительный,2017,120,21,17.5,85.09
Лениногорск,Муниципальный,2018,156,46,29.49,48.14
Набережные Челны,Школьный,2024,74,14,18.92,45.9
Арск,Муниципальный,2024,93,2,2.15,40.94
Мамадыш,Региональный,2015,92,5,5.43,83.68
Казань,Школьный,2024,141,36,25.53,85.73
Чистополь,Муниципальный,2021,55,10,18.18,51.41
Тетюши,Школьный,2021,95,41,43.16,85.98
Чистополь,Заключительный,2021,147,29,19.73,49.59
Бугульма,Региональный,2023,140,28,20.0,82.15
Казань,Региональный,2016,184,31,16.85,63.53
Мамадыш,Муниципальный,2024,142,27,19.01,62.23
Бугульма,Школьный,2015,97,7,7.22,66.67
Кукмор,Школьный,2021,133,51,38.35,52.05
Кукмор,Школьный,2016,197,70,35.53,58.96
Азнакаево,Заключительный,2019,141,34,24.11,68.19
Агрыз,Региональный,2020,57,4,7.02,42.39
Тетюши,Региональный,2020,181,67,37.02,46.09
Лениногорск,Школьный,2015,184,11,5.98,85.36
Альметьевск,Муниципальный,2020,64,4,6.25,86.41
Казань,Муниципальный,2022,73,3,4.11,70.08
Арск,Школьный,2016,176,32,18.18,68.83
Заинск,Муниципальный,2017,124,26,20.97,43.21
Зеленодольск,Муниципальный,2024,86,40,46.51,46.94
Кукмор,Заключительный,2018,198,3,1.52,-1.0
Азнакаево,Муниципальный,2017,141,4,2.84,47.89
Набережные Челны,Муниципальный,2017,82,14,17.07,58.76
Арск,Региональный,2023,130,8,6.15,86.89
Бавлы,Муниципальный,2016,99,19,19.19,89.65
Заинск,Муниципальный,2020,81,29,35.8,70.0
Буинск,Заключительный,2022,122,32,26.23,66.24
Лениногорск,Региональный,2024,118,50,42.37,88.52
Балтаси,Муниципальный,2017,56,24,42.86,45.83
Лениногорск,Региональный,2022,82,29,35.37,78.99
Менделеевск,Региональный,2017,147,63,42.86,60.04
Мамадыш,Муниципальный,2019,98,37,37.76,70.27
Заинск,Заключительный,2018,121,39,32.23,53.17
Арск,Муниципальный,2021,178,14,7.87,97.51
Бугульма,Заключительный,2016,164,7,4.27,65.65
Кукмор,Заключительный,2022,178,41,23.03,66.02
Чистополь,Муниципальный,2016,54,9,16.67,56.64
Азнакаево,Региональный,2024,175,49,28.0,71.07
Елабуга,Муниципальный,2019,90,18,20.0,55.43
Кукмор,Школьный,2023,110,37,33.64,59.4
Бавлы,Региональный,2022,54,14,25.93,60.58
Елабуга,Муниципальный,2015,67,10,14.93,50.22
Альметьевск,Школьный,2024,113,36,31.86,76.14
Альметьевск,Школьный,2016,175,70,40.0,49.39
Бавлы,Школьный,2021,172,11,6.4,71.06
Балтаси,Школьный,2020,91,16,17.58,81.92
Буинск,Региональный,2016,185,79,42.7,92.41
Елабуга,Школьный,2020,139,61,43.88,55.33
Бавлы,Региональный,2017,111,52,46.85,65.32
Елабуга,Региональный,2023,156,39,25.0,85.56
Азнакаево,Заключительный,2024,108,19,17.59,95.79
Казань,Региональный,2019,127,52,40.94,57.48
Агрыз,Муниципальный,2020,64,2,3.12,72.26
Лениногорск,Школьный,2023,183,54,29.51,-1.0
Мамадыш,Заключительный,2018,186,9,4.84,94.27
Азнакаево,Школьный,2021,105,32,30.48,87.39
Мамадыш,Заключительный,2024,173,22,12.72,59.24
Кукмор,Муниципальный,2022,197,23,11.68,80.16
Елабуга,Муниципальный,2021,179,8,4.47,78.86
Менделеевск,Региональный,2023,118,1,0.85,71.81
Азнакаево,Заключительный,2018,134,8,5.97,85.44
Агрыз,Заключительный,2024,164,18,10.98,67.74
Кукмор,Заключительный,2015,86,40,46.51,82.24
Бугульма,Муниципальный,2017,51,11,21.57,50.53
Заинск,Муниципальный,2024,154,6,3.9,44.05
Бавлы,Заключительный,2020,192,82,42.71,96.51
Чистополь,Региональный,2019,62,6,9.68,72.32
Агрыз,Региональный,2017,185,30,16.22,72.94
Казань,Региональный,2017,83,4,4.82,78.68
Азнакаево,Муниципальный,2017,78,36,46.15,54.66
Буинск,Школьный,2020,86,19,22.09,49.12
Зеленодольск,Региональный,2024,151,42,27.81,70.05
Мамадыш,Школьный,2024,138,49,35.51,81.95
Чистополь,Муниципальный,2024,54,23,42.59,84.16
Лениногорск,Региональный,2016,189,24,12.7,57.47
Чистополь,Заключительный,2021,68,7,10.29,41.9
Альметьевск,Заключительный,2016,60,11,18.33,43.82
Тетюши,Школьный,2020,170,76,44.71,78.6
Заинск,Заключительный,2019,180,77,42.78,-1.0
Казань,Региональный,2023,189,4,2.12,93.82
Набережные Челны,Муниципальный,2017,93,17,18.28,47.29
Лениногорск,Муниципальный,2024,150,60,40.0,83.53
Заинск,Школьный,2019,90,11,12.22,63.31
Буинск,Муниципальный,2019,69,9,13.04,60.67
Елабуга,Муниципальный,2016,178,4,2.25,53.75
Заинск,Региональный,2018,114,25,21.93,55.7
Кукмор,Школьный,2018,189,20,10.58,88.22
Тетюши,Региональный,2017,85,36,42.35,98.93
Бавлы,Региональный,2017,133,19,14.29,98.01
Зеленодольск,Региональный,2020,192,60,31.25,75.45
Агрыз,Региональный,2016,127,28,22.05,-1.0
Чистополь,Заключительный,2022,153,55,35.95,70.04
Казань,Региональный,2023,141,50,35.46,71.75
Апастово,Заключительный,2021,59,8,13.56,48.78
Агрыз,Региональный,2024,154,44,28.57,97.74
Набережные Челны,Школьный,2020,150,70,46.67,77.33
Бавлы,Муниципальный,2020,123,41,33.33,44.0
Заинск,Региональный,2017,192,8,4.17,54.75
Буинск,Заключительный,2022,63,6,9.52,83.21
Альметьевск,Школьный,2018,74,20,27.03,75.16
Арск,Школьный,2022,200,86,43.0,44.55
Чистополь,Региональный,2017,110,29,26.36,45.56
Тетюши,Региональный,2024,98,6,6.12,74.79
Тетюши,Школьный,2023,160,5,3.12,95.19
Арск,Региональный,2017,138,50,36.23,52.89
Зеленодольск,Региональный,2023,193,66,34.2,44.19
Мамадыш,Заключительный,2021,117,9,7.69,99.75
Азнакаево,Региональный,2015,149,26,17.45,69.81
Лениногорск,Муниципальный,2017,197,51,25.89,63.98
Елабуга,Муниципальный,2020,107,6,5.61,99.36
Агрыз,Муниципальный,2017,164,6,3.66,52.01
Бугульма,Заключительный,2018,113,4,3.54,59.69
Менделеевск,Школьный,2020,120,45,37.5,98.95
Тетюши,Муниципальный,2020,67,19,28.36,75.75
Азнакаево,Региональный,2015,93,30,32.26,62.81
Арск,Муниципальный,2017,147,42,28.57,92.28
Зеленодольск,Школьный,2016,98,22,22.45,63.3
Лениногорск,Заключительный,2022,94,46,48.94,73.69
Буинск,Региональный,2018,175,46,26.29,90.73
Заинск,Региональный,2016,64,22,34.38,93.94
Арск,Школьный,2023,131,6,4.58,84.68
Заинск,Муниципальный,2015,138,39,28.26,60.77
Казань,Школьный,2023,188,83,44.15,99.32
Азнакаево,Школьный,2017,175,67,38.29,77.07
Заинск,Школьный,2019,187,63,33.69,46.54
Азнакаево,Муниципальный,2020,162,59,36.42,50.49
Балтаси,Заключительный,2019,167,41,24.55,94.77
Зеленодольск,Региональный,2017,100,48,48.0,83.93
Лениногорск,Школьный,2017,79,28,35.44,-1.0
Зеленодольск,Муниципальный,2022,93,11,11.83,86.32
Буинск,Школьный,2015,141,3,2.13,66.28
Лениногорск,Заключительный,2021,180,85,47.22,49.9
Зеленодольск,Региональный,2024,51,3,5.88,62.87
Казань,Школьный,2018,196,61,31.12,72.28
Азнакаево,Региональный,2016,154,45,29.22,95.83
Кукмор,Муниципальный,2019,111,21,18.92,69.66
Арск,Школьный,2023,116,41,35.34,44.68
Агрыз,Муниципальный,2022,107,49,45.79,75.58
Казань,Школьный,2019,183,86,46.99,64.62
Альметьевск,Муниципальный,2022,68,12,17.65,96.39
Менделеевск,Региональный,2023,51,19,37.25,46.52
Мамадыш,Школьный,2022,70,33,47.14,92.14
Арск,Муниципальный,2015,129,27,20.93,46.06
Альметьевск,Региональный,2017,54,9,16.67,45.67
Чистополь,Региональный,2021,112,40,35.71,95.24
Апастово,Муниципальный,2016,183,61,33.33,85.99
Лениногорск,Муниципальный,2020,58,26,44.83,72.75
Менделеевск,Муниципальный,2019,172,4,2.33,89.28
Елабуга,Региональный,2021,147,2,1.36,53.95
Елабуга,Заключительный,2023,52,13,25.0,49.57
Тетюши,Заключительный,2023,51,11,21.57,80.47
Зеленодольск,Муниципальный,2017,138,2,1.45,57.49
Арск,Муниципальный,2023,71,25,35.21,98.73
Буинск,Школьный,2024,118,45,38.14,68.28
Мамадыш,Муниципальный,2019,50,9,18.0,59.12
Зеленодольск,Заключительный,2024,62,15,24.19,63.86
Зеленодольск,Региональный,2021,107,28,26.17,95.79
Елабуга,Школьный,2019,137,24,17.52,43.4
Елабуга,Муниципальный,2019,71,3,4.23,50.44
Арск,Заключительный,2018,58,22,37.93,-1.0
Арск,Региональный,2022,195,48,24.62,-1.0
Лениногорск,Школьный,2023,80,18,22.5,99.65
Балтаси,Заключительный,2020,180,46,25.56,68.91
Заинск,Заключительный,2020,124,37,29.84,80.6
Менделеевск,Заключительный,2024,111,32,28.83,84.31
Арск,Заключительный,2017,107,22,20.56,87.31
Набережные Челны,Региональный,2015,72,17,23.61,47.41
Мамадыш,Муниципальный,2018,142,21,14.79,81.85
Кукмор,Заключительный,2018,87,11,12.64,70.34
Мамадыш,Школьный,2020,56,28,50.0,-1.0
Менделеевск,Региональный,2023,129,44,34.11,55.46
Бавлы,Заключительный,2022,86,40,46.51,63.98
Набережные Челны,Школьный,2022,83,15,18.07,45.78
Агрыз,Заключительный,2023,151,52,34.44,62.65
Набережные Челны,Муниципальный,2017,164,45,27.44,58.89
Тетюши,Муниципальный,2023,110,7,6.36,45.24
Лениногорск,Муниципальный,2024,65,16,24.62,40.21
Буинск,Школьный,2019,139,22,15.83,54.8
Арск,Заключительный,2021,189,24,12.7,61.01
Альметьевск,Заключительный,2015,128,3,2.34,87.49
Елабуга,Муниципальный,2019,112,31,27.68,79.99
Елабуга,Заключительный,2022,166,53,31.93,66.8
Елабуга,Школьный,2015,198,94,47.47,72.11
Заинск,Заключительный,2020,120,3,2.5,75.39
Буинск,Региональный,2019,189,40,21.16,73.06
Елабуга,Школьный,2019,74,19,25.68,61.01
Зеленодольск,Региональный,2023,66,20,30.3,57.9
Тетюши,Заключительный,2016,160,30,18.75,45.59
Менделеевск,Заключительный,2020,100,34,34.0,78.09
Балтаси,Региональный,2021,78,20,25.64,87.13
Менделеевск,Заключительный,2016,85,37,43.53,92.29
Азнакаево,Муниципальный,2018,175,17,9.71,40.5
Арск,Региональный,2022,98,15,15.31,90.68
Бавлы,Заключительный,2022,96,38,39.58,63.55
Казань,Муниципальный,2023,106,7,6.6,91.08
Зеленодольск,Региональный,2018,191,78,40.84,41.56
Арск,Муниципальный,2018,170,76,44.71,71.22
Мамадыш,Школьный,2020,67,8,11.94,93.43
Елабуга,Региональный,2019,62,30,48.39,98.29
Балтаси,Школьный,2021,82,9,10.98,47.54
Азнакаево,Школьный,2020,54,11,20.37,61.28
Зеленодольск,Школьный,2022,99,29,29.29,41.73
Бавлы,Региональный,2023,175,6,3.43,-1.0
Зеленодольск,Региональный,2019,75,6,8.0,83.76
Агрыз,Заключительный,2020,171,12,7.02,84.72
Елабуга,Региональный,2017,170,11,6.47,52.38
Бавлы,Муниципальный,2021,171,38,22.22,62.49
Менделеевск,Заключительный,2017,102,31,30.39,52.0
Бугульма,Заключительный,2022,139,57,41.01,99.56
Казань,Школьный,2015,68,12,17.65,97.62
Казань,Школьный,2015,195,25,12.82,75.5
Набережные Челны,Школьный,2017,111,45,40.54,97.81
Набережные Челны,Школьный,2021,55,6,10.91,99.71
Зеленодольск,Региональный,2019,186,31,16.67,94.19
Чистополь,Заключительный,2021,78,37,47.44,57.28
Буинск,Региональный,2015,174,85,48.85,94.54
Казань,Школьный,2015,89,17,19.1,98.95
Азнакаево,Заключительный,2023,139,23,16.55,77.81
Арск,Школьный,2023,138,9,6.52,70.94
Чистополь,Заключительный,2020,191,12,6.28,48.2
Агрыз,Заключительный,2015,70,34,48.57,44.61
Казань,Муниципальный,2019,60,4,6.67,43.35
Зеленодольск,Школьный,2023,197,66,33.5,54.9
Тетюши,Муниципальный,2018,137,19,13.87,88.33
Зеленодольск,Региональный,2022,70,6,8.57,58.27
Буинск,Заключительный,2016,151,52,34.44,88.82
Набережные Челны,Региональный,2021,145,69,47.59,46.74
Лениногорск,Муниципальный,2023,90,17,18.89,63.9
Кукмор,Муниципальный,2015,197,35,17.77,92.23
Менделеевск,Муниципальный,2015,167,37,22.16,87.23
Зеленодольск,Региональный,2021,133,49,36.84,94.02
Заинск,Региональный,2016,51,14,27.45,-1.0
Заинск,Школьный,2019,56,22,39.29,42.42
Балтаси,Школьный,2019,122,58,47.54,-1.0
Заинск,Муниципальный,2016,80,34,42.5,77.42
Елабуга,Заключительный,2022,121,24,19.83,64.45
Тетюши,Региональный,2023,161,59,36.65,80.67
Заинск,Региональный,2015,107,13,12.15,77.56
Лениногорск,Школьный,2020,97,46,47.42,97.48
Кукмор,Заключительный,2015,148,29,19.59,91.04
Елабуга,Заключительный,2019,77,20,25.97,81.9
Азнакаево,Региональный,2022,182,69,37.91,89.95
Елабуга,Школьный,2018,72,2,2.78,60.23
Зеленодольск,Муниципальный,2022,159,31,19.5,87.67
Арск,Школьный,2015,126,50,39.68,94.11
Агрыз,Школьный,2019,50,22,44.0,47.41
Чистополь,Заключительный,2022,148,19,12.84,-1.0
Кукмор,Школьный,2018,65,22,33.85,52.03
Тетюши,Муниципальный,2019,124,40,32.26,55.52
Апастово,Муниципальный,2015,150,60,40.0,91.15
Альметьевск,Региональный,2024,70,18,25.71,74.94
Набережные Челны,Заключительный,2023,127,37,29.13,98.96
Агрыз,Региональный,2023,149,1,0.67,54.68
Азнакаево,Региональный,2021,112,38,33.93,48.68
Менделеевск,Школьный,2022,62,26,41.94,42.37
Елабуга,Региональный,2015,160,21,13.12,89.32
Буинск,Школьный,2020,170,26,15.29,57.21
Апастово,Заключительный,2023,97,5,5.15,76.18
Агрыз,Заключительный,2023,93,43,46.24,65.38
Тетюши,Заключительный,2015,100,18,18.0,75.14
Азнакаево,Заключительный,2023,63,15,23.81,46.02
Тетюши,Региональный,2020,188,33,17.55,74.28
Альметьевск,Муниципальный,2015,131,9,6.87,60.05
Елабуга,Школьный,2021,69,11,15.94,59.68
Зеленодольск,Муниципальный,2021,115,18,15.65,70.73
Бугульма,Школьный,2018,105,4,3.81,64.32
Мамадыш,Заключительный,2018,113,47,41.59,52.3
Чистополь,Региональный,2017,124,40,32.26,56.95
Бугульма,Школьный,2015,148,35,23.65,66.41
Чистополь,Региональный,2018,138,2,1.45,48.84
Чистополь,Региональный,2017,150,9,6.0,43.23
Балтаси,Региональный,2015,65,15,23.08,94.57
Менделеевск,Муниципальный,2019,74,17,22.97,84.14
Мамадыш,Заключительный,2023,141,16,11.35,46.13
Мамадыш,Школьный,2019,111,7,6.31,80.53
Азнакаево,Региональный,2016,125,61,48.8,87.29
Набережные Челны,Школьный,2023,82,31,37.8,69.16
Набережные Челны,Региональный,2024,178,31,17.42,82.93
Бугульма,Муниципальный,2023,61,3,4.92,74.94
Арск,Муниципальный,2020,197,49,24.87,45.08
Буинск,Заключительный,2018,116,41,35.34,59.97
Лениногорск,Региональный,2024,120,10,8.33,88.87
Бугульма,Региональный,2022,52,17,32.69,77.27
Мамадыш,Региональный,2021,133,3,2.26,85.72
Агрыз,Заключительный,2019,199,55,27.64,80.31
Чистополь,Региональный,2022,65,21,32.31,44.02
Менделеевск,Школьный,2018,117,27,23.08,55.48
Казань,Региональный,2015,76,23,30.26,73.46
Кукмор,Школьный,2020,57,23,40.35,82.04
Чистополь,Заключительный,2017,86,39,45.35,85.88
Альметьевск,Региональный,2017,56,3,5.36,50.46
Альметьевск,Заключительный,2021,71,19,26.76,86.51
Балтаси,Заключительный,2017,165,73,44.24,59.68
Кукмор,Заключительный,2017,106,40,37.74,-1.0
Тетюши,Муниципальный,2023,86,6,6.98,92.2
Менделеевск,Региональный,2020,74,12,16.22,62.94
Набережные Челны,Школьный,2023,57,5,8.77,97.02
Казань,Школьный,2022,61,21,34.43,56.28
Казань,Региональный,2023,126,10,7.94,87.08
Зеленодольск,Муниципальный,2020,85,9,10.59,88.16
Арск,Региональный,2024,174,84,48.28,44.15
Бугульма,Региональный,2022,105,38,36.19,71.05
Бугульма,Муниципальный,2022,71,3,4.23,66.69
Менделеевск,Муниципальный,2023,148,32,21.62,75.34
Кукмор,Заключительный,2018,130,2,1.54,44.39
Кукмор,Региональный,2016,96,43,44.79,65.75
Мамадыш,Региональный,2019,75,12,16.0,56.11
Елабуга,Региональный,2018,81,26,32.1,69.33
Азнакаево,Муниципальный,2021,52,25,48.08,54.27
Елабуга,Заключительный,2017,69,18,26.09,57.83
Арск,Школьный,2017,99,39,39.39,70.88
Агрыз,Заключительный,2023,137,17,12.41,44.97
Альметьевск,Заключительный,2024,135,59,43.7,42.91
Балтаси,Школьный,2022,94,37,39.36,55.97
Буинск,Муниципальный,2024,90,42,46.67,87.51
Тетюши,Заключительный,2024,51,7,13.73,62.18
Буинск,Заключительный,2023,80,2,2.5,73.03
Менделеевск,Муниципальный,2021,60,13,21.67,95.59
Елабуга,Заключительный,2021,119,7,5.88,53.33
Менделеевск,Региональный,2020,166,76,45.78,67.84
Бугульма,Школьный,2024,120,30,25.0,75.25
Апастово,Муниципальный,2018,184,58,31.52,88.39
Заинск,Региональный,2016,89,24,26.97,67.74
Буинск,Школьный,2020,113,56,49.56,65.83
Тетюши,Региональный,2020,90,44,48.89,95.33
Бавлы,Муниципальный,2022,58,22,37.93,45.59
Заинск,Школьный,2023,162,43,26.54,67.9
Балтаси,Школьный,2021,112,37,33.04,73.97
Азнакаево,Школьный,2023,73,15,20.55,91.91
Чистополь,Региональный,2015,83,35,42.17,48.88
Бавлы,Школьный,2023,193,77,39.9,43.29
Казань,Муниципальный,2020,145,6,4.14,88.42
Бугульма,Муниципальный,2021,50,9,18.0,66.12
Балтаси,Муниципальный,2017,85,19,22.35,58.21
Елабуга,Муниципальный,2015,101,44,43.56,83.38
Зеленодольск,Заключительный,2021,144,51,35.42,72.41
Бавлы,Школьный,2021,114,56,49.12,62.09
Лениногорск,Муниципальный,2020,199,34,17.09,94.47
Агрыз,Заключительный,2015,178,34,19.1,74.49
Альметьевск,Заключительный,2023,146,12,8.22,98.87
Буинск,Муниципальный,2017,195,91,46.67,56.7
Бавлы,Региональный,2022,54,7,12.96,43.23
Апастово,Заключительный,2016,136,4,2.94,65.75
Бугульма,Школьный,2019,56,13,23.21,62.66
Лениногорск,Заключительный,2019,177,44,24.86,87.1
Арск,Региональный,2022,130,19,14.62,84.81
Бугульма,Школьный,2023,67,17,25.37,69.19
Бугульма,Школьный,2021,175,32,18.29,-1.0
Елабуга,Заключительный,2016,70,26,37.14,96.17
Заинск,Школьный,2017,138,29,21.01,59.69
Лениногорск,Муниципальный,2020,98,12,12.24,76.89
Арск,Региональный,2017,113,18,15.93,70.78
Азнакаево,Региональный,2020,116,50,43.1,63.01
Елабуга,Школьный,2019,95,44,46.32,66.97
Альметьевск,Региональный,2016,73,23,31.51,72.97
Агрыз,Региональный,2015,73,20,27.4,54.91
Апастово,Школьный,2019,132,36,27.27,84.67
Бугульма,Школьный,2019,93,11,11.83,90.58
Тетюши,Школьный,2022,187,46,24.6,87.83
Азнакаево,Муниципальный,2023,81,26,32.1,82.8
Арск,Школьный,2021,197,24,12.18,72.74
Балтаси,Заключительный,2023,188,92,48.94,92.73
Азнакаево,Школьный,2020,164,71,43.29,82.93
Агрыз,Региональный,2016,116,42,36.21,57.86
Балтаси,Муниципальный,2017,134,35,26.12,50.69
Зеленодольск,Заключительный,2021,147,22,14.97,94.92
Заинск,Школьный,2024,155,44,28.39,85.31
Елабуга,Муниципальный,2019,126,47,37.3,58.13
Тетюши,Школьный,2023,181,23,12.71,77.05
Тетюши,Заключительный,2018,119,49,41.18,90.48
Бугульма,Региональный,2017,90,20,22.22,42.55
Агрыз,Заключительный,2023,101,39,38.61,95.11
Казань,Школьный,2017,149,55,36.91,62.19
Арск,Региональный,2022,123,10,8.13,78.3
Балтаси,Муниципальный,2021,110,48,43.64,77.68
Заинск,Заключительный,2021,119,39,32.77,84.31
Буинск,Муниципальный,2016,148,57,38.51,90.42
Альметьевск,Заключительный,2018,100,31,31.0,65.05
Бугульма,Заключительный,2021,124,7,5.65,68.93
Балтаси,Муниципальный,2023,155,52,33.55,66.65
Заинск,Региональный,2016,68,15,22.06,80.75
Кукмор,Муниципальный,2023,63,31,49.21,-1.0
Чистополь,Муниципальный,2022,164,73,44.51,77.56
Лениногорск,Заключительный,2023,153,20,13.07,95.96
Агрыз,Региональный,2022,163,77,47.24,66.57
Мамадыш,Школьный,2017,194,51,26.29,74.98
Арск,Школьный,2016,132,36,27.27,41.16
Балтаси,Региональный,2022,117,26,22.22,68.99
Менделеевск,Школьный,2022,164,19,11.59,46.08
Бавлы,Региональный,2022,90,11,12.22,70.09
Альметьевск,Муниципальный,2021,61,16,26.23,60.25
Тетюши,Заключительный,2016,77,32,41.56,72.22
Балтаси,Школьный,2015,182,1,0.55,98.36
Лениногорск,Школьный,2024,158,57,36.08,58.64
Менделеевск,Школьный,2015,151,64,42.38,-1.0
Елабуга,Региональный,2024,101,12,11.88,40.51
Арск,Региональный,2021,116,50,43.1,56.85
